PREFIX,LABEL,PUBLISHER
AD,ADRENALIN PRODUCTION MUSIC LIBRARY,ADRENALIN PRODUCTION MUSIC LIBRARIES
AD-SR,ADRENALIN PRODUCTION MUSIC LIBRARY,ADRENALIN PRODUCTION MUSIC LIBRARIES
ADV,ADRENALIN VOCALS,ADRENALIN PRODUCTION MUSIC LIBRARIES
AMPT,AMPLITUDE,ADRENALIN PRODUCTION MUSIC LIBRARIES
ANTX,CRACK-UP MUSIC,ADRENALIN PRODUCTION MUSIC LIBRARIES
A-TEN,A-TENSION,ADRENALIN PRODUCTION MUSIC LIBRARIES
CRKU,CRACK-UP MUSIC,ADRENALIN PRODUCTION MUSIC LIBRARIES
LC,LOGICAL CHOICE,ADRENALIN PRODUCTION MUSIC LIBRARIES
A7,ATLANTIC SEVEN,ADRENALIN SOUNDS PTY LTD
AAM,AUDIO ADDICTION MUSIC,ADRENALIN SOUNDS PTY LTD
ACL,AIRCRAFT,ADRENALIN SOUNDS PTY LTD
AML,ACTIVE,ADRENALIN SOUNDS PTY LTD
AMP,AMP,ADRENALIN SOUNDS PTY LTD
APD,APOLLO DECADES,ADRENALIN SOUNDS PTY LTD
APF,APOLLO FRONTRUNNERS,ADRENALIN SOUNDS PTY LTD
APLS,APOLLO LIFESTYLE,ADRENALIN SOUNDS PTY LTD
APL,APOLLO LIVE,ADRENALIN SOUNDS PTY LTD
APO,APOLLO ORGANIC,ADRENALIN SOUNDS PTY LTD
APV,APOLLO VOCALS,ADRENALIN SOUNDS PTY LTD
AS,ARTIST SERIES,ADRENALIN SOUNDS PTY LTD
ATO,ATOMICA MUSIC,ADRENALIN SOUNDS PTY LTD
AURA,AURA,ADRENALIN SOUNDS PTY LTD
AURL,AURALATION MUSIC LIBRARY,ADRENALIN SOUNDS PTY LTD
BCT,BEATCLOCK TRAX,ADRENALIN SOUNDS PTY LTD
BDL,BDL,ADRENALIN SOUNDS PTY LTD
BDM,BUILD DESTROY MUSIC,ADRENALIN SOUNDS PTY LTD
BLM,BLACK LABEL PRODUCTIONS,ADRENALIN SOUNDS PTY LTD
BLP,BL PRODUCTIONS,ADRENALIN SOUNDS PTY LTD
BOOM,BOOM MUSIC,ADRENALIN SOUNDS PTY LTD
BPM,KYLE NEWMASTER,ADRENALIN SOUNDS PTY LTD
BPM,MUSIC FREAK RECORDS,ADRENALIN SOUNDS PTY LTD
BPM,RUNAWAY RECORDS,ADRENALIN SOUNDS PTY LTD
BZT,BONZAI TRAX,ADRENALIN SOUNDS PTY LTD
CAT,CATAPULT MUSIC,ADRENALIN SOUNDS PTY LTD
CAV,CAVENDISH MUSIC,ADRENALIN SOUNDS PTY LTD
CCB,CEZAME CARTE BLANCHE,ADRENALIN SOUNDS PTY LTD
CDM,CLEARSIDE,ADRENALIN SOUNDS PTY LTD
CEG,CEZAME GLOBAL INVESTIGATION,ADRENALIN SOUNDS PTY LTD
CEO,CEZAME ORIGINAL SCORE,ADRENALIN SOUNDS PTY LTD
CET,CEZAME TRAILERS,ADRENALIN SOUNDS PTY LTD
CEV,CEZAME VIRTUEL,ADRENALIN SOUNDS PTY LTD
CEZ,CEZAME,ADRENALIN SOUNDS PTY LTD
COR,CORDOVAN MUSIC,ADRENALIN SOUNDS PTY LTD
CP,CATCH PHRASE,ADRENALIN SOUNDS PTY LTD
CTM,COLOSSAL TRAILER MUSIC,ADRENALIN SOUNDS PTY LTD
CYPT,CYPHER TM,ADRENALIN SOUNDS PTY LTD
DBM,DOWN BOYS MUSIC,ADRENALIN SOUNDS PTY LTD
DDC,TWO CROWNS PUBLISHING,ADRENALIN SOUNDS PTY LTD
DGS,DOUBLE G STUDIOS MUSIC,ADRENALIN SOUNDS PTY LTD
DHM,DARK HORSE MUSIC,ADRENALIN SOUNDS PTY LTD
DHV,DARK HORSE VOCAL,ADRENALIN SOUNDS PTY LTD
EKT,ELEKT MUSIC,ADRENALIN SOUNDS PTY LTD
EOS,ART MELODIES,ADRENALIN SOUNDS PTY LTD
EPM,ENERGIZE PRODUCTION MUSIC,ADRENALIN SOUNDS PTY LTD
ET,EAR TONIC MUSIC,ADRENALIN SOUNDS PTY LTD
EVOC,EVOCATIVITY,ADRENALIN SOUNDS PTY LTD
FBMR,FANTASTIC BEAT MACHINE RECORDS,ADRENALIN SOUNDS PTY LTD
FG,FIGURE AND GROOVE,ADRENALIN SOUNDS PTY LTD
FGAF,ARTIST FRIENDLY,ADRENALIN SOUNDS PTY LTD
FGMN,MINIMALISM,ADRENALIN SOUNDS PTY LTD
FGP,PRESENTS,ADRENALIN SOUNDS PTY LTD
FHM,FUTURE HITS,ADRENALIN SOUNDS PTY LTD
FMCD,FM RECORDS,ADRENALIN SOUNDS PTY LTD
FOF,405 MUSIC,ADRENALIN SOUNDS PTY LTD
FSD,FORZA TRAILER & SOUND DESIGN,ADRENALIN SOUNDS PTY LTD
GM,GROVES MUSIC,ADRENALIN SOUNDS PTY LTD
GMPM,GREY MAN PRODUCTION MUSIC,ADRENALIN SOUNDS PTY LTD
GMT,GUM MOTION TRACKS,ADRENALIN SOUNDS PTY LTD
GN,GOOD NEIGHBOR MUSIC,ADRENALIN SOUNDS PTY LTD
GNXT,GEN NEXT,ADRENALIN SOUNDS PTY LTD
GSML,GEORGE SHAW MUSIC LIBRARY,ADRENALIN SOUNDS PTY LTD
GT,GRAFFITI TRACKS,ADRENALIN SOUNDS PTY LTD
GUM,GUM COLLECTION,ADRENALIN SOUNDS PTY LTD
HBM,HOLLYWOOD BUZZ MUSIC,ADRENALIN SOUNDS PTY LTD
HML,HANDSOME MUSIC,ADRENALIN SOUNDS PTY LTD
HTM,HEN'S TEETH MUSIC,ADRENALIN SOUNDS PTY LTD
IMP,IMPULSION,ADRENALIN SOUNDS PTY LTD
INTCD,INTERMEDE MUSIC,ADRENALIN SOUNDS PTY LTD
ISTAND,ISTANDARD,ADRENALIN SOUNDS PTY LTD
JAMP,JAMMIN' PLANET,ADRENALIN SOUNDS PTY LTD
JAS,JOHN ANDREW SCHREINER MUSIC,ADRENALIN SOUNDS PTY LTD
JB,JIM BACCHI CATALOG,ADRENALIN SOUNDS PTY LTD
KAT,KOOL KAT MUSIC,ADRENALIN SOUNDS PTY LTD
KCM,KING CAFFEINE MUSIC,ADRENALIN SOUNDS PTY LTD
KON,KONSONANT MUSIC,ADRENALIN SOUNDS PTY LTD
KONB,KONSONANT MUSIC B,ADRENALIN SOUNDS PTY LTD
LE,LOUD EAR MUSIC,ADRENALIN SOUNDS PTY LTD
LH,LAB HITS,ADRENALIN SOUNDS PTY LTD
LHN,LUCAS CANTOR LIBRARY,ADRENALIN SOUNDS PTY LTD
LONE,LONE SOUND,ADRENALIN SOUNDS PTY LTD
MAG,MAGNETIC RECORDS,ADRENALIN SOUNDS PTY LTD
MBM,MEMORY BOX MUSIC,ADRENALIN SOUNDS PTY LTD
MCCD,MUSICAL CONCEPTS,ADRENALIN SOUNDS PTY LTD
MDM,METHODIC DOUBT MUSIC,ADRENALIN SOUNDS PTY LTD
MDM,METHODIC PREMIUM,ADRENALIN SOUNDS PTY LTD
MEM,ME ENEMY MUSIC,ADRENALIN SOUNDS PTY LTD
MFM,MUCHO FRUTO MUSIC,ADRENALIN SOUNDS PTY LTD
MFP,MUSIC FOR PRODUCTIONS - LIBRARY,ADRENALIN SOUNDS PTY LTD
MNL,MINIMALISM,ADRENALIN SOUNDS PTY LTD
MODE,MODE PRODUCTION MUSIC,ADRENALIN SOUNDS PTY LTD
MOVE,MOVE MUSIC,ADRENALIN SOUNDS PTY LTD
MRG,MERGE MUSIC,ADRENALIN SOUNDS PTY LTD
MSU,MUSOU PRODUCTION MUSIC,ADRENALIN SOUNDS PTY LTD
MXML,MEXICAN MUSIC LIBRARY,ADRENALIN SOUNDS PTY LTD
NKM,NINJA KITTY MUSIC,ADRENALIN SOUNDS PTY LTD
NWCD,NEW WORLD MUSIC,ADRENALIN SOUNDS PTY LTD
OLMG,OPENING LINE MUSIC GROUP,ADRENALIN SOUNDS PTY LTD
OPUS01,OPUS 1 MUSIC LIBRARY,ADRENALIN SOUNDS PTY LTD
PB,PREMIER BOX OFFICE,ADRENALIN SOUNDS PTY LTD
PSM,PILO AND SMITH,ADRENALIN SOUNDS PTY LTD
PT,PREMIER TRACKS,ADRENALIN SOUNDS PTY LTD
PT VOC,PREMIER TRACKS VOCALS,ADRENALIN SOUNDS PTY LTD
PUR,PURE,ADRENALIN SOUNDS PTY LTD
PURM,PURE MUSIC,ADRENALIN SOUNDS PTY LTD
RMC,RESOLUTION MUSIC COLLECTION,ADRENALIN SOUNDS PTY LTD
RPM,REVOLT PRODUCTION MUSIC,ADRENALIN SOUNDS PTY LTD
RS,ROBA SERIES,ADRENALIN SOUNDS PTY LTD
RTM,RAVE TRAIN MUSIC,ADRENALIN SOUNDS PTY LTD
RV,REVOLUTION,ADRENALIN SOUNDS PTY LTD
RV,REVOLUTION SOUND DESIGN,ADRENALIN SOUNDS PTY LTD
RV,REVOLUTION U.S.,ADRENALIN SOUNDS PTY LTD
SA,SONIC ADDICTION,ADRENALIN SOUNDS PTY LTD
SCL,ALL MUSIC GALLERY,ADRENALIN SOUNDS PTY LTD
SCOR,SCORE SUITE,ADRENALIN SOUNDS PTY LTD
SCQ,SOUNDIVA CLASSICAL,ADRENALIN SOUNDS PTY LTD
SDCD,SOUNDIVA,ADRENALIN SOUNDS PTY LTD
SGT,SURGETRAX,ADRENALIN SOUNDS PTY LTD
SIG,SIGNAL,ADRENALIN SOUNDS PTY LTD
SMX,SMASHTRAX,ADRENALIN SOUNDS PTY LTD
SPRS,SPARSE MUSIC,ADRENALIN SOUNDS PTY LTD
SPS,SPOT SOCIETY,ADRENALIN SOUNDS PTY LTD
SSN,SUPER SONIC NOISE,ADRENALIN SOUNDS PTY LTD
SSS,SOUL STUDIO 7,ADRENALIN SOUNDS PTY LTD
STYLE,STYLE TRAX,ADRENALIN SOUNDS PTY LTD
TOA,TREE OF ARTS,ADRENALIN SOUNDS PTY LTD
TOA-C,TREE OF ARTS CLASSICS,ADRENALIN SOUNDS PTY LTD
TQE,TORQUE ELEMENTS,ADRENALIN SOUNDS PTY LTD
TQM,TORQUE MUSIC,ADRENALIN SOUNDS PTY LTD
TS,TELESONGZ,ADRENALIN SOUNDS PTY LTD
TSM,TAPE STOP MUSIC,ADRENALIN SOUNDS PTY LTD
TT,TELETUNEZ,ADRENALIN SOUNDS PTY LTD
TWAS,TWELVETONES ART SERIES,ADRENALIN SOUNDS PTY LTD
TWPM,TWELVETONES MAIN SERIES,ADRENALIN SOUNDS PTY LTD
UCM,UNDERCURRENTS MUSIC,ADRENALIN SOUNDS PTY LTD
UDU,UPDOWNUP,ADRENALIN SOUNDS PTY LTD
UPM,UNITY PRODUCTION MUSIC LIBRARY,ADRENALIN SOUNDS PTY LTD
VC,VTOWN CARTEL MUSIC,ADRENALIN SOUNDS PTY LTD
VGM,VELVET GREEN MUSIC,ADRENALIN SOUNDS PTY LTD
WWM,WILD WHIRLED MUSIC,ADRENALIN SOUNDS PTY LTD
XCM,XUERAN CHEN MUSIC,ADRENALIN SOUNDS PTY LTD
ZIK,MUSIQUE & MUSIC,ADRENALIN SOUNDS PTY LTD
ZZZOPUS,OPUS 1 MUSIC LIBRARY - SPECIALTY COLLECTION,ADRENALIN SOUNDS PTY LTD
03M,ZERO3 MUSIC,BEATBOX MUSIC PTY LTD
12T,TWELVE TITANS MUSIC,BEATBOX MUSIC PTY LTD
1VU,1 VERSATILE UNDERSCORE,BEATBOX MUSIC PTY LTD
4AS,411 ARTIST SERIES,BEATBOX MUSIC PTY LTD
4EW,EXOTIC WORLDS,BEATBOX MUSIC PTY LTD
4HS,HYPERSONIC,BEATBOX MUSIC PTY LTD
4MG,411 PRODUCTION MUSIC SONGS,BEATBOX MUSIC PTY LTD
4TM,411 TRAILER MUSIC,BEATBOX MUSIC PTY LTD
4US,411 PRODUCTION MUSIC UNDERSCORE,BEATBOX MUSIC PTY LTD
ABS,ABSOLUTE MUSIC,BEATBOX MUSIC PTY LTD
AFRO,SONOTON AFRO,BEATBOX MUSIC PTY LTD
ALGO,ALGO RECORDS,BEATBOX MUSIC PTY LTD
ALIBI,ALIBI MUSIC,BEATBOX MUSIC PTY LTD
ALL,ALL SORTS MUSIC,BEATBOX MUSIC PTY LTD
ALSO,ALL SORTS (OF) DRAMA,BEATBOX MUSIC PTY LTD
AM,AMUSICOM,BEATBOX MUSIC PTY LTD
AMPS,AMPHONIC,BEATBOX MUSIC PTY LTD
AMY,AMYGDALA,BEATBOX MUSIC PTY LTD
ANGER,ANGER MUSIC,BEATBOX MUSIC PTY LTD
ART,ARTSOUND,BEATBOX MUSIC PTY LTD
AT,APPLE TRAX,BEATBOX MUSIC PTY LTD
ATOM,ATOM MUSIC AUDIO,BEATBOX MUSIC PTY LTD
AUDIA,AUDIA,BEATBOX MUSIC PTY LTD
AUM,AUDIOMACHINE,BEATBOX MUSIC PTY LTD
AUMT,AUDIOMACHINE SOUND DESIGN,BEATBOX MUSIC PTY LTD
AVF,SOUND STAGE,BEATBOX MUSIC PTY LTD
AZ (TBC),AVALON ZERO,BEATBOX MUSIC PTY LTD
BAK,BEATS BAKERY,BEATBOX MUSIC PTY LTD
BAM,BAM,BEATBOX MUSIC PTY LTD
BAMA,BAM ARTIST SERIES,BEATBOX MUSIC PTY LTD
BAM-BX,BAM BOX,BEATBOX MUSIC PTY LTD
BBB,BING BANG BOOM,BEATBOX MUSIC PTY LTD
BBX,BEATBOX,BEATBOX MUSIC PTY LTD
BEAT,BEAT BITES,BEATBOX MUSIC PTY LTD
BKM,BLACK KNIGHT MUSIC,BEATBOX MUSIC PTY LTD
BLINQ,BLINQ,BEATBOX MUSIC PTY LTD
BLLM,BRILLIANT MUSIC,BEATBOX MUSIC PTY LTD
BNA,BRAVE NEW AUDIO,BEATBOX MUSIC PTY LTD
BOM,BLAZED OUT MUSIC,BEATBOX MUSIC PTY LTD
BRFM,BETA RHYTHM FARM,BEATBOX MUSIC PTY LTD
BRO,BROTHER MUSIC,BEATBOX MUSIC PTY LTD
BURN,BURN,BEATBOX MUSIC PTY LTD
BWA,BRICKWALL AUDIO,BEATBOX MUSIC PTY LTD
BXM,BRAND X PRODUCTION MUSIC,BEATBOX MUSIC PTY LTD
BXM,BRAND X TRAILER MUSIC,BEATBOX MUSIC PTY LTD
BXMT,BRAND X THEATRICAL,BEATBOX MUSIC PTY LTD
BXP,BEAT XPLOSION,BEATBOX MUSIC PTY LTD
BZZ,THE BUZZ,BEATBOX MUSIC PTY LTD
CDM,CDM MUSIC,BEATBOX MUSIC PTY LTD
CFM,CANDY FLIP,BEATBOX MUSIC PTY LTD
CLC,COMMERCIAL LENGTH CUTS,BEATBOX MUSIC PTY LTD
CLXY,FANTASY CLASSICAL,BEATBOX MUSIC PTY LTD
CMX,CONFIDENTIAL MUSIC,BEATBOX MUSIC PTY LTD
CNS,COMMERCIALS NON-STOP,BEATBOX MUSIC PTY LTD
CPM,COSMIND PRODUCTION MUSIC,BEATBOX MUSIC PTY LTD
CRB,CROSSBREED MUSIC,BEATBOX MUSIC PTY LTD
CRV,CRE8V,BEATBOX MUSIC PTY LTD
CS,CUE SOURCE MUSIC,BEATBOX MUSIC PTY LTD
CSH,CRUSH,BEATBOX MUSIC PTY LTD
CTM,CINEMASOUNDS TRAILER MUSIC,BEATBOX MUSIC PTY LTD
CTRX,CINETRAX,BEATBOX MUSIC PTY LTD
DAM,DIGITAL ASSASSIN MUSIC,BEATBOX MUSIC PTY LTD
DAWG,BIG DAWG MUSIC,BEATBOX MUSIC PTY LTD
DBX,DRAMABOX,BEATBOX MUSIC PTY LTD
DGT,DIG IT MUSIC,BEATBOX MUSIC PTY LTD
DMTK,DRAMA TRACKS,BEATBOX MUSIC PTY LTD
DR,DATOLITE RECORDS,BEATBOX MUSIC PTY LTD
DVM,DIGITAL VISION,BEATBOX MUSIC PTY LTD
EM,MUSIC SHOP,BEATBOX MUSIC PTY LTD
EMG,ELEPHANT MUSIC,BEATBOX MUSIC PTY LTD
EMT,MUSIC SHOP,BEATBOX MUSIC PTY LTD
EN,EPIC NORTH MUSIC,BEATBOX MUSIC PTY LTD
EOS,END OF SILENCE,BEATBOX MUSIC PTY LTD
EPC,EPIC,BEATBOX MUSIC PTY LTD
EPM,EAR PARADE MUSIC,BEATBOX MUSIC PTY LTD
ESL,STANDARD MUSIC,BEATBOX MUSIC PTY LTD
ESLMB,MUSICA BRITANNICA,BEATBOX MUSIC PTY LTD
ET,FUTURE WORLD MUSIC,BEATBOX MUSIC PTY LTD
ETS,EMPIRE TRAILER SERIES,BEATBOX MUSIC PTY LTD
EVS,EVOLVING SOUND,BEATBOX MUSIC PTY LTD
EZLY,FANTASY EASY LISTENING,BEATBOX MUSIC PTY LTD
FA,5 ALARM MUSIC,BEATBOX MUSIC PTY LTD
FCM,FULL CLIP MUSIC,BEATBOX MUSIC PTY LTD
FEXY,FANTASY FILM,BEATBOX MUSIC PTY LTD
FFP,FIFTH FLOOR,BEATBOX MUSIC PTY LTD
FFPSF,FIFTH FLOOR SONGS,BEATBOX MUSIC PTY LTD
FFXY,FANTASY FX,BEATBOX MUSIC PTY LTD
FN,FONTANA MUSIC,BEATBOX MUSIC PTY LTD
FNCC,FONTANA CLASSICAL,BEATBOX MUSIC PTY LTD
FNV,FONTANA MUSIC VIRTUAL,BEATBOX MUSIC PTY LTD
FP,FLASH POINT,BEATBOX MUSIC PTY LTD
FRM,FRAMEWORKS MUSIC,BEATBOX MUSIC PTY LTD
FUP,FUTURE POP,BEATBOX MUSIC PTY LTD
FWM,FUTURE WORLD MUSIC,BEATBOX MUSIC PTY LTD
GAR,GARGANTUAN MUSIC,BEATBOX MUSIC PTY LTD
GCR,GARGANTUAN CREATIVE,BEATBOX MUSIC PTY LTD
GHOST (TBC),GHOSTWRITER MUSIC,BEATBOX MUSIC PTY LTD
GHY,GOTHIC HYBRID,BEATBOX MUSIC PTY LTD
GOTHIC,GOTHIC STORM MUSIC,BEATBOX MUSIC PTY LTD
"GT, TREDE",SONOTON ARCHIVAL,BEATBOX MUSIC PTY LTD
GTW,GOTHIC STORM'S TOOLWORKS,BEATBOX MUSIC PTY LTD
GZM,GREEN ZEBRA MUSIC,BEATBOX MUSIC PTY LTD
HL,HYPERLOCAL,BEATBOX MUSIC PTY LTD
HMT,DOS BRAINS HEAVY MELODY TRAILERS,BEATBOX MUSIC PTY LTD
HP,DOS BRAINS HEAVY PROMOS,BEATBOX MUSIC PTY LTD
HTM,HELIOTROPE MUSIC,BEATBOX MUSIC PTY LTD
HTO,HERE TOMORROW MUSIC,BEATBOX MUSIC PTY LTD
IDOCS,FANTASY IDOCS,BEATBOX MUSIC PTY LTD
IGM,INTEGRATION MUSIC,BEATBOX MUSIC PTY LTD
IIAD,IF IT AIN'T DUTCH,BEATBOX MUSIC PTY LTD
IMG,IMAGINE MUSIC,BEATBOX MUSIC PTY LTD
IMM,IMMORTAL MUSIC,BEATBOX MUSIC PTY LTD
IMYR,I MISS YOU RECORDS,BEATBOX MUSIC PTY LTD
INP,INDIE PRODUCTION MUSIC,BEATBOX MUSIC PTY LTD
INV,INVICTUS,BEATBOX MUSIC PTY LTD
IPM,IN-SPIRED PRODUCTION MUSIC,BEATBOX MUSIC PTY LTD
ISCD,INTERSOUND,BEATBOX MUSIC PTY LTD
ITM,IMPACT TRAILER MUSIC,BEATBOX MUSIC PTY LTD
JAMM,JAMM,BEATBOX MUSIC PTY LTD
JW,JW MEDIA MUSIC,BEATBOX MUSIC PTY LTD
JWCD,JW MEDIA MUSIC,BEATBOX MUSIC PTY LTD
JWV,JW VAULT COLLECTION,BEATBOX MUSIC PTY LTD
LAE,L.A. EDITION,BEATBOX MUSIC PTY LTD
LBR,LESTERBEAT RECORDS,BEATBOX MUSIC PTY LTD
LHS,"LIBRARY OF THE HUMAN SOUL, THE",BEATBOX MUSIC PTY LTD
LSF,LAST SONIC FRONTIER,BEATBOX MUSIC PTY LTD
LT,LIVE TRAX,BEATBOX MUSIC PTY LTD
LUV,TEMP LOVE MUSIC,BEATBOX MUSIC PTY LTD
LVM,LOVELY MUSIC,BEATBOX MUSIC PTY LTD
MESS,MESSINA MASTERS,BEATBOX MUSIC PTY LTD
MIM,MINIMAL TV,BEATBOX MUSIC PTY LTD
MMP,METRO MUSIC PRODUCTION LIBRARY,BEATBOX MUSIC PTY LTD
MNM,MINIM,BEATBOX MUSIC PTY LTD
MOT,MOTUS MUSIC,BEATBOX MUSIC PTY LTD
MOTB,MUSIC OUTSIDE THE BOX,BEATBOX MUSIC PTY LTD
MPM,MANHATTAN PRODUCTION MUSIC,BEATBOX MUSIC PTY LTD
MQ,MARQUEE MUSIC,BEATBOX MUSIC PTY LTD
MS,MEGASONICS,BEATBOX MUSIC PTY LTD
MSO,MUSIC SHOP ONLINE,BEATBOX MUSIC PTY LTD
MUM,MADE UP MUSIC,BEATBOX MUSIC PTY LTD
MUSE,MOTION MUSE,BEATBOX MUSIC PTY LTD
MX,MEGATRAX,BEATBOX MUSIC PTY LTD
NINJA,NINJA TRACKS,BEATBOX MUSIC PTY LTD
NLM,9 LIVES MUSIC,BEATBOX MUSIC PTY LTD
NLV,NELVANA,BEATBOX MUSIC PTY LTD
NPM,NOISE PUMP MUSIC,BEATBOX MUSIC PTY LTD
OMBD (BD OLD),BLUE DOT,BEATBOX MUSIC PTY LTD
OMCD,OMNIMUSIC,BEATBOX MUSIC PTY LTD
PC,POINT CLASSICS,BEATBOX MUSIC PTY LTD
PFW,POSTCARDS FROM THE WORLD,BEATBOX MUSIC PTY LTD
PMOL,PRODUCTION MUSIC ONLINE,BEATBOX MUSIC PTY LTD
PNBP,PENNYBANK PROFILES,BEATBOX MUSIC PTY LTD
PNBT,PENNYBANK TUNES,BEATBOX MUSIC PTY LTD
PRCD,PRIMROSE MUSIC,BEATBOX MUSIC PTY LTD
QF,Q FACTORY,BEATBOX MUSIC PTY LTD
RAVE,RAVENWOOD MUSIC,BEATBOX MUSIC PTY LTD
RED,REDCOLA,BEATBOX MUSIC PTY LTD
RESL,REALLY SLOW MOTION,BEATBOX MUSIC PTY LTD
RGL,RIDGELINE MUSIC,BEATBOX MUSIC PTY LTD
ROCK,SONOTON ROCKSHOP,BEATBOX MUSIC PTY LTD
ROG,DOS BRAINS ROGUE SOULS,BEATBOX MUSIC PTY LTD
RRM,RECORDS ROOM MUSIC,BEATBOX MUSIC PTY LTD
RSM,RELIABLE SOURCE MUSIC,BEATBOX MUSIC PTY LTD
SAS,SONOTON AUTHENTIC SERIES,BEATBOX MUSIC PTY LTD
SAV,SOUND ADVENTURES,BEATBOX MUSIC PTY LTD
SCD,SONOTON,BEATBOX MUSIC PTY LTD
SCDV,SONOTON VANGUARD,BEATBOX MUSIC PTY LTD
SEXY,FANTASY PRODUCTION MUSIC,BEATBOX MUSIC PTY LTD
SIIX,SIIX TRAILER MUSIC,BEATBOX MUSIC PTY LTD
SIL,DOS BRAINS SILVER SCREEN,BEATBOX MUSIC PTY LTD
SIS,SOURCE IN SYNC,BEATBOX MUSIC PTY LTD
SJM,SONG JUNKIES,BEATBOX MUSIC PTY LTD
SN,SENSACION,BEATBOX MUSIC PTY LTD
SONG,SONGCRAFT,BEATBOX MUSIC PTY LTD
SONIA,SONOTON CLASSICAL (SONIA),BEATBOX MUSIC PTY LTD
SOT,SONIC TREMOR,BEATBOX MUSIC PTY LTD
SOZ,SONIC OZAULT,BEATBOX MUSIC PTY LTD
SPOTS,SPOTS,BEATBOX MUSIC PTY LTD
SPRE,SPRINT EDGE,BEATBOX MUSIC PTY LTD
SPRT,SPRINT,BEATBOX MUSIC PTY LTD
SSA,SOUNDSCAPE AGENCY,BEATBOX MUSIC PTY LTD
SSY,SONIC SYMPHONY,BEATBOX MUSIC PTY LTD
STORY,SYNC STORIES,BEATBOX MUSIC PTY LTD
STT,SONOTON TRAILER TRACKS,BEATBOX MUSIC PTY LTD
STTV,SONOTON TRAILER TRACKS VIRTUAL,BEATBOX MUSIC PTY LTD
STYE,SONGS TO YOUR EYES,BEATBOX MUSIC PTY LTD
SUM,SAUCE MUSIC,BEATBOX MUSIC PTY LTD
SUPI,SUPERPITCH,BEATBOX MUSIC PTY LTD
SUPIAS,SUPERPITCH ARTIST SERIES,BEATBOX MUSIC PTY LTD
SUPIDR,SUPERPITCH DRAMA,BEATBOX MUSIC PTY LTD
SUPIE,SUPERPITCH ENTERTAINMENT,BEATBOX MUSIC PTY LTD
SUPIEP,SUPERPITCH EP,BEATBOX MUSIC PTY LTD
SURE,SONOTON SUREFIRE,BEATBOX MUSIC PTY LTD
SUW,STRAIGHT UP! WORLD,BEATBOX MUSIC PTY LTD
SVL,SPICE VOCALS,BEATBOX MUSIC PTY LTD
TD,TRACK DISTILLERY,BEATBOX MUSIC PTY LTD
TFJ,THE FUNKY JUNKIES,BEATBOX MUSIC PTY LTD
THH,THE HIT HOUSE,BEATBOX MUSIC PTY LTD
THRD,DOS BRAINS THIRD RAIL,BEATBOX MUSIC PTY LTD
TIN,TONAL INJECTION LIBRARY,BEATBOX MUSIC PTY LTD
TMA,THE MUSIC ASSEMBLY,BEATBOX MUSIC PTY LTD
TRX,TRX MUSIC,BEATBOX MUSIC PTY LTD
TRXP,TRX PRODUCTION,BEATBOX MUSIC PTY LTD
TRXSCR,TRX SCORE,BEATBOX MUSIC PTY LTD
TS,THE SCENE,BEATBOX MUSIC PTY LTD
TSM,THETA SOUND MUSIC,BEATBOX MUSIC PTY LTD
TT,TRAILER TRASH,BEATBOX MUSIC PTY LTD
TVC,TV CLUB,BEATBOX MUSIC PTY LTD
TXF,THE X-MOTION,BEATBOX MUSIC PTY LTD
UGM,UNDERGROUND MUSIC,BEATBOX MUSIC PTY LTD
VAD,VADZIMU,BEATBOX MUSIC PTY LTD
WCM,WESTAR CLASSICAL,BEATBOX MUSIC PTY LTD
WSR,WESTAR MUSIC,BEATBOX MUSIC PTY LTD
XIT,X-IT MUSIC,BEATBOX MUSIC PTY LTD
YT,YOUR TUNE,BEATBOX MUSIC PTY LTD
ZEN,ZEN,BEATBOX MUSIC PTY LTD
BF,BEATS FRESH MUSIC,BEATS FRESH MUSIC PTY LTD
42,42 RECORDS,BMG PRODUCTION MUSIC
101DOM,101 DARK ORCHID,BMG PRODUCTION MUSIC
101M,101 MUSIC (PREVIOUSLY 101 PRODUCTION MUSIC),BMG PRODUCTION MUSIC
1RM,1 REVOLUTION,BMG PRODUCTION MUSIC
2FM,2ND FOUNDATION MUSIC,BMG PRODUCTION MUSIC
3ING,THREE INGREDIENTS OR LESS,BMG PRODUCTION MUSIC
4EM,4 ELEMENTS,BMG PRODUCTION MUSIC
AA,AUDIOACTIVE,BMG PRODUCTION MUSIC
AB-C0,ABACO,BMG PRODUCTION MUSIC
ACPM,ANALOG CHAMPION,BMG PRODUCTION MUSIC
ADD,ADDICTIVE TRACKS,BMG PRODUCTION MUSIC
AFR,MATHAMBO,BMG PRODUCTION MUSIC
AL,ALCHEMY MUSIC,BMG PRODUCTION MUSIC
ALT,ALTITUDE,BMG PRODUCTION MUSIC
ALTT,ALCHEMY TRAILER TOOLS,BMG PRODUCTION MUSIC
AMPD,AMPED,BMG PRODUCTION MUSIC
AMPM,AUDIO MONKEY,BMG PRODUCTION MUSIC
ANM,ANARCHY MUSIC,BMG PRODUCTION MUSIC
AOL,ART OF LEGEND,BMG PRODUCTION MUSIC
AR,ANONYMOUS RECORDINGS,BMG PRODUCTION MUSIC
ASV,CRIMESONICS,BMG PRODUCTION MUSIC
ATR,ACOUSTITRACKS,BMG PRODUCTION MUSIC
ATUD,NON-STOP ATTITUDE,BMG PRODUCTION MUSIC
AU,ALTITUDE UNDERSCORE,BMG PRODUCTION MUSIC
AXD,AXS DOCUMENTARY,BMG PRODUCTION MUSIC
AXF,ALTITUDE X FABER,BMG PRODUCTION MUSIC
AXS,AXS MUSIC,BMG PRODUCTION MUSIC
AXW,AXS WORLD,BMG PRODUCTION MUSIC
AZ,AMPHIBIOUS ZOO,BMG PRODUCTION MUSIC
BBGH,BBGH MUSIC,BMG PRODUCTION MUSIC
BC,BLIND COLOR,BMG PRODUCTION MUSIC
BCB,BEATCLOCK,BMG PRODUCTION MUSIC
BFX,BEATFIX,BMG PRODUCTION MUSIC
BIB,BLACK IS BLONDE,BMG PRODUCTION MUSIC
BIBTQ,BIBLIOTHEQUE,BMG PRODUCTION MUSIC
BIM,BIG IDEA MUSIC,BMG PRODUCTION MUSIC
BMBX,BOOMBOX,BMG PRODUCTION MUSIC
BMF,BASSTONE,BMG PRODUCTION MUSIC
BNB,BEDS & BEATS,BMG PRODUCTION MUSIC
BOOSTTV,BOOST TV,BMG PRODUCTION MUSIC
BP,BEATS PLANET,BMG PRODUCTION MUSIC
BRG,BLACK RED GOLD,BMG PRODUCTION MUSIC
BSM,BIG SCREEN MUSIC,BMG PRODUCTION MUSIC
BYND,MUSIC BEYOND,BMG PRODUCTION MUSIC
CACL,CAVENDISH CLASSICAL,BMG PRODUCTION MUSIC
CAR,CPM,BMG PRODUCTION MUSIC
CAS,CPM ARCHIVE SERIES,BMG PRODUCTION MUSIC
CAVA,CAVENDISH ARCHIVE,BMG PRODUCTION MUSIC
CAVC,CAVENDISH,BMG PRODUCTION MUSIC
CAVT,CAVENDISH TRAILERS,BMG PRODUCTION MUSIC
CHR,CHAPEL OF ROCK (CHR),BMG PRODUCTION MUSIC
CLASS,CPM CLASSICAL,BMG PRODUCTION MUSIC
CM,CHROMA MUSIC,BMG PRODUCTION MUSIC
CMGA,CAFÉ MONDO,BMG PRODUCTION MUSIC
CMXA,CHROMA X,BMG PRODUCTION MUSIC
COM,CLOCKWORK ORANGE,BMG PRODUCTION MUSIC
CRM,CRITICAL MASS,BMG PRODUCTION MUSIC
CST,CINEMA SOUND TOOLS,BMG PRODUCTION MUSIC
CSV,CRIMESONICS,BMG PRODUCTION MUSIC
CT,CINEMATIC TRACKS,BMG PRODUCTION MUSIC
CTR,COUNTER MUSIC,BMG PRODUCTION MUSIC
CTV,COLOR TV,BMG PRODUCTION MUSIC
DAA,DANCING ABOUT ARCHITECTURE,BMG PRODUCTION MUSIC
DAR,DARWIN MUSIC,BMG PRODUCTION MUSIC
DEM,DEEP EAST MUSIC,BMG PRODUCTION MUSIC
DEN,THE DEN,BMG PRODUCTION MUSIC
DIST,DISTORTION,BMG PRODUCTION MUSIC
DM,DYNAMIC MUSIC,BMG PRODUCTION MUSIC
E&E,EYEBALLS & EARDRUMS,BMG PRODUCTION MUSIC
ED,EARDRUM MUSIC,BMG PRODUCTION MUSIC
EGG,EGG MUSIC,BMG PRODUCTION MUSIC
ELEFAT,ELEPHANT SOUND DESIGN,BMG PRODUCTION MUSIC
ELEPTSD,ELEPHANT SOUND DESIGN,BMG PRODUCTION MUSIC
EMHCML,EMH CLASSICAL,BMG PRODUCTION MUSIC
EMM,EVOLUTION MEDIA MUSIC,BMG PRODUCTION MUSIC
ENG,ENGINUITY MUSIC,BMG PRODUCTION MUSIC
ER,ELBROAR EDITION,BMG PRODUCTION MUSIC
ES,EPIC SCORE,BMG PRODUCTION MUSIC
ESE,ESSENTIAL ELEMENTS,BMG PRODUCTION MUSIC
ESO,ENTERPRISES SONOR,BMG PRODUCTION MUSIC
ETK,CRIMESONICS,BMG PRODUCTION MUSIC
FACT,LIFT FACTUAL,BMG PRODUCTION MUSIC
FDMSCIC,DIVERSE MUSIC,BMG PRODUCTION MUSIC
FH,MEDIAHORSE / FUTURE HEROES,BMG PRODUCTION MUSIC
FKM,INTERVOX MOVIE EDITION,BMG PRODUCTION MUSIC
FL,FLOAT MUSIC,BMG PRODUCTION MUSIC
FLAVA,LIFT / FLAVA,BMG PRODUCTION MUSIC
FMLFC,FELT MUSIC LIBRARY,BMG PRODUCTION MUSIC
FMLOS,MASTERS OF SCORE,BMG PRODUCTION MUSIC
FMLOTB,OFF TO BATTLE,BMG PRODUCTION MUSIC
FMLSC,SOUND CIRCLE,BMG PRODUCTION MUSIC
FOX,FOXHOLE,BMG PRODUCTION MUSIC
FTTT,FULL TILT,BMG PRODUCTION MUSIC
GA,GROOVE ADDICTS,BMG PRODUCTION MUSIC
GAP,GAPTRAX,BMG PRODUCTION MUSIC
GAS,GAS,BMG PRODUCTION MUSIC
GOB,GLORY OATH & BLOOD,BMG PRODUCTION MUSIC
GSD,GRAPHIC SOUND DESIGN,BMG PRODUCTION MUSIC
GV,GRAVITY,BMG PRODUCTION MUSIC
HARD,HARD MUSIC DESIGN,BMG PRODUCTION MUSIC
HDMN,HDMN PRIME,BMG PRODUCTION MUSIC
HGMIX,HELLA GOOD RECORDS,BMG PRODUCTION MUSIC
HGR,HELLA GOOD RECORDS,BMG PRODUCTION MUSIC
HK,HYPEKIT,BMG PRODUCTION MUSIC
HMS,HANDMADE SOUNDS,BMG PRODUCTION MUSIC
HOME,HOMEGROWN,BMG PRODUCTION MUSIC
HUMN,HUMAN,BMG PRODUCTION MUSIC
IG,IGNITE,BMG PRODUCTION MUSIC
IMX,IMMEDIATE,BMG PRODUCTION MUSIC
INAM,I'M NOT A MACHINE,BMG PRODUCTION MUSIC
IND,INDIESONICS,BMG PRODUCTION MUSIC
INF,INFINI MUSIC,BMG PRODUCTION MUSIC
INPIC,IN PICTURES,BMG PRODUCTION MUSIC
INSD,INSIDE TRACKS,BMG PRODUCTION MUSIC
INWLDVG,INVISIBLE WORLD,BMG PRODUCTION MUSIC
IPM,IMPRESSIVE MINDS,BMG PRODUCTION MUSIC
ITG,INTHEGROOVE,BMG PRODUCTION MUSIC
IVOX,INTERVOX,BMG PRODUCTION MUSIC
JTM,JOLT TRAILER MUSIC,BMG PRODUCTION MUSIC
KBM,KURT BESTOR,BMG PRODUCTION MUSIC
KING,KINGDOM 2,BMG PRODUCTION MUSIC
KL,KLANGLOBBY,BMG PRODUCTION MUSIC
KSM,KINGSIZE,BMG PRODUCTION MUSIC
LCM,LEMONCAKE MUSIC,BMG PRODUCTION MUSIC
LIFT,LIFT / FLAVA,BMG PRODUCTION MUSIC
LMNTL,LMNTL,BMG PRODUCTION MUSIC
LQC,LIQUID CINEMA,BMG PRODUCTION MUSIC
M,ONETRACKADAY,BMG PRODUCTION MUSIC
MAM,MINDS AND MUSIC,BMG PRODUCTION MUSIC
MASSIVE,MASSIVE BASS,BMG PRODUCTION MUSIC
MB,MINDBENDERS,BMG PRODUCTION MUSIC
MCMA,MIDCOAST MUSIC ARTIST SONGS,BMG PRODUCTION MUSIC
MCMSO,MIDCOAST MUSIC SPECIAL OCCASIONS,BMG PRODUCTION MUSIC
MCMW,MIDCOAST MUSIC WIRED,BMG PRODUCTION MUSIC
MIN,MINIMAL MUSIC,BMG PRODUCTION MUSIC
MM,MIXTAPE MASHUP,BMG PRODUCTION MUSIC
MOPM,MODUS OPERANDI,BMG PRODUCTION MUSIC
MSJ,MUST SAVE JANE,BMG PRODUCTION MUSIC
NKD,NAKED MUSIC,BMG PRODUCTION MUSIC
NRV,REVOLUCION,BMG PRODUCTION MUSIC
NSM,NO SHEET MUSIC,BMG PRODUCTION MUSIC
NSPR,NON-STOP PREMIERS,BMG PRODUCTION MUSIC
NSPRADV,NON-STOP PREMIERS,BMG PRODUCTION MUSIC
NSPRROM,NON-STOP PREMIERS,BMG PRODUCTION MUSIC
NSPS,NON-STOP PRODUCERS,BMG PRODUCTION MUSIC
NTPM,NINJA TUNES,BMG PRODUCTION MUSIC
NTV,NEEDLETRACKS.TV,BMG PRODUCTION MUSIC
OAT,ONE AIR TIME,BMG PRODUCTION MUSIC
OIL,OIL,BMG PRODUCTION MUSIC
OSPK,ORGANIC SPARK,BMG PRODUCTION MUSIC
PA,PROMO ACCELERATOR,BMG PRODUCTION MUSIC
PED,PEDIGREE CUTS,BMG PRODUCTION MUSIC
PFF,PIANO FOR FILM,BMG PRODUCTION MUSIC
PGH,PLAYGROUND HOLLYWOOD,BMG PRODUCTION MUSIC
PGO,PARIGO,BMG PRODUCTION MUSIC
PICX,PICTURE PUNCTURE,BMG PRODUCTION MUSIC
PLAY,PLAYLIST PRODUCTION MUSIC,BMG PRODUCTION MUSIC
PM,PLATINUM MUSIC,BMG PRODUCTION MUSIC
PMC,PARRY MUSIC CLASSICAL,BMG PRODUCTION MUSIC
PML,PARRY MUSIC LIBRARY,BMG PRODUCTION MUSIC
POKE,POKE,BMG PRODUCTION MUSIC
POPM,POP MACHINE,BMG PRODUCTION MUSIC
PP,PERFECT PITCH,BMG PRODUCTION MUSIC
PP,PP MUSIC,BMG PRODUCTION MUSIC
PPM,PPM,BMG PRODUCTION MUSIC
PPOP,PUSH POP,BMG PRODUCTION MUSIC
PSYNC,PLANET SYNC MUSIC LIBRARY,BMG PRODUCTION MUSIC
PTCH,PITCH HAMMER,BMG PRODUCTION MUSIC
RS,RONALD STEIN,BMG PRODUCTION MUSIC
RSA,REDSHIFT ARTISTS,BMG PRODUCTION MUSIC
RV,REVOLUCION,BMG PRODUCTION MUSIC
SA,SONIC ARTIFACT,BMG PRODUCTION MUSIC
SC,SCAREMEISTER,BMG PRODUCTION MUSIC
SC,SELECTRACKS SONG CATALOG,BMG PRODUCTION MUSIC
SCORE,SCORE,BMG PRODUCTION MUSIC
SCR,SCORCHED SCORE,BMG PRODUCTION MUSIC
SD,SOUND DESIGNS,BMG PRODUCTION MUSIC
SE,SO EFFECTIVE,BMG PRODUCTION MUSIC
SFL,615 MUSIC,BMG PRODUCTION MUSIC
SFLY,SUPERFLY AUDIO,BMG PRODUCTION MUSIC
SMM,SICK MUSE MUSIC,BMG PRODUCTION MUSIC
SMM,SILENT METHODS,BMG PRODUCTION MUSIC
SQ,SONIC QUIVER,BMG PRODUCTION MUSIC
SRL,SPECIAL REQUESTS,BMG PRODUCTION MUSIC
SS,SCORING STAGE,BMG PRODUCTION MUSIC
ST,SELECTRACKS INSTRUMENTAL,BMG PRODUCTION MUSIC
STR,STEREO ROYAL,BMG PRODUCTION MUSIC
STRP,STRIP SOUNDS,BMG PRODUCTION MUSIC
SUN,SUNSTONE RECORDINGS,BMG PRODUCTION MUSIC
SUPER,SUPERSTORE,BMG PRODUCTION MUSIC
TBX,THE BOX,BMG PRODUCTION MUSIC
TELE,TELE MUSIC,BMG PRODUCTION MUSIC
TJ,TWISTED JUKEBOX,BMG PRODUCTION MUSIC
TL,WHO DID THAT MUSIC,BMG PRODUCTION MUSIC
TMCD,TELE MUSIC CLASSIC VAULTS,BMG PRODUCTION MUSIC
TREAD,TREAD,BMG PRODUCTION MUSIC
TUBE,TUBESOUNDS,BMG PRODUCTION MUSIC
TVU,TELEVISION UNDERSCORE,BMG PRODUCTION MUSIC
UCD,ULTIMATE CRIME & DRAMA,BMG PRODUCTION MUSIC
UN,VIBEY LIBRARY,BMG PRODUCTION MUSIC
UND,UNDERSCORE MUSIC LIBRARY,BMG PRODUCTION MUSIC
UPMCD,ULTRAPHONIC,BMG PRODUCTION MUSIC
V,V,BMG PRODUCTION MUSIC
VALO,VALO,BMG PRODUCTION MUSIC
VH,VIDEOHELPER,BMG PRODUCTION MUSIC
VHCL,VIDEOHELPER - COLOSSICAL,BMG PRODUCTION MUSIC
VHEX,VIDEOHELPER - MORE MUSIC,BMG PRODUCTION MUSIC
VHHBD,VIDEOHELPER - MORE MUSIC,BMG PRODUCTION MUSIC
VHMD,VIDEOHELPER - MODULES SOUND DESIGN,BMG PRODUCTION MUSIC
VHP,VIDEOHELPER - PROJECTS,BMG PRODUCTION MUSIC
VHSH,VIDEOHELPER - SCOREHELPER,BMG PRODUCTION MUSIC
VIBEY,VIBEY LIBRARY,BMG PRODUCTION MUSIC
VT,VALENTINO,BMG PRODUCTION MUSIC
WCMI,WARNER CHAPPELL ITALIA,BMG PRODUCTION MUSIC
WILD,LIFT WILDCARDS,BMG PRODUCTION MUSIC
WN,WOTNOT MUSIC LIBRARY,BMG PRODUCTION MUSIC
WPM,WRONG PLANET,BMG PRODUCTION MUSIC
X,XTORTION AUDIO,BMG PRODUCTION MUSIC
XRD,X-RAY DOG,BMG PRODUCTION MUSIC
ZEST,ZEST,BMG PRODUCTION MUSIC
ZONE,ZONE MUSIC,BMG PRODUCTION MUSIC
ZONE,ZONE PLUS,BMG PRODUCTION MUSIC
ZTR,ZONE TRAILERS,BMG PRODUCTION MUSIC
BLP,BOSWORTH (LPS),EMBASSY MUSIC PUBLISHING PTY LTD
BOCD,BOSWORTH,EMBASSY MUSIC PUBLISHING PTY LTD
BPM,BOSWORTH,EMBASSY MUSIC PUBLISHING PTY LTD
EA,EMIL ASCHER,EMBASSY MUSIC PUBLISHING PTY LTD
MFS,MUSIC FOR SPORT,EMBASSY MUSIC PUBLISHING PTY LTD
MLG,MOOD LIBRARY GALLO,EMBASSY MUSIC PUBLISHING PTY LTD
SRTL,SRTL,EMBASSY MUSIC PUBLISHING PTY LTD
STM,SCREEN TWO MUSIC,EMBASSY MUSIC PUBLISHING PTY LTD
VM,VIDEO MOODS,EMBASSY MUSIC PUBLISHING PTY LTD
WM,WATER MUSIC,EMBASSY MUSIC PUBLISHING PTY LTD
ADD,ADDITION MUSIC,EMI PRODUCTION MUSIC
ANH,ANNIHILATION,EMI PRODUCTION MUSIC
APMC,APM COLLECTION,EMI PRODUCTION MUSIC
ASM,AUSTRALIAN SCREEN MUSIC 301,EMI PRODUCTION MUSIC
AVCD,AV MUSIC PUBLISHERS,EMI PRODUCTION MUSIC
BITE,BITE HARD,EMI PRODUCTION MUSIC
BM,BERRY/CONROY 78,EMI PRODUCTION MUSIC
BMLP,BERRY MUSIC,EMI PRODUCTION MUSIC
BMLP,CONROY,EMI PRODUCTION MUSIC
BMLPF,CONROY FEELINGS,EMI PRODUCTION MUSIC
BMPPS,BERRY/CONROY PROGRAMME PRODUCTION,EMI PRODUCTION MUSIC
CD,SELECTED SOUND,EMI PRODUCTION MUSIC
CDGML,DED GOOD MUSIC CDGML SERIES,EMI PRODUCTION MUSIC
CHALK,CHALK,EMI PRODUCTION MUSIC
CINE,CINEMUSIC RECORDINGS,EMI PRODUCTION MUSIC
CM,CASTLE MUSIC,EMI PRODUCTION MUSIC
CMR,CINEMUSIC RECORDINGS,EMI PRODUCTION MUSIC
CS,COLOURSOUND,EMI PRODUCTION MUSIC
CSCD,COLOURSOUND CD,EMI PRODUCTION MUSIC
CSLP,COLOURSOUND VINYL,EMI PRODUCTION MUSIC
DED,DED GOOD MUSIC LIBRARY,EMI PRODUCTION MUSIC
DED,DED GOOD DED SERIES,EMI PRODUCTION MUSIC
DEWEB,DE WOLFE (WEB ONLY - ONLINE SERVICE),EMI PRODUCTION MUSIC
DRVN,DRIVEN,EMI PRODUCTION MUSIC
DW/LP,DE WOLFE (LPS),EMI PRODUCTION MUSIC
DWC,DE WOLFE,EMI PRODUCTION MUSIC
DWCD,DE WOLFE,EMI PRODUCTION MUSIC
DWCD,DE WOLFE,EMI PRODUCTION MUSIC
DWCD/SUP,DE WOLFE USA,EMI PRODUCTION MUSIC
DWCOM,DE WOLFE COMMERCIAL BREAKS,EMI PRODUCTION MUSIC
DWJAZZ,DE WOLFE JAZZ SERIES,EMI PRODUCTION MUSIC
DWLP,DE WOLFE VINYL,EMI PRODUCTION MUSIC
DWMIL,DE WOLFE MILLENIUM,EMI PRODUCTION MUSIC
DWRPO,DE WOLFE ROYAL PHILHARMONIC CLASSICAL SERIES,EMI PRODUCTION MUSIC
DWS/LP,DE WOLFE,EMI PRODUCTION MUSIC
DWUSA,DE WOLFE USA,EMI PRODUCTION MUSIC
DWUSA,SOLID STATE MUSIC,EMI PRODUCTION MUSIC
DWUSA,DE WOLFE USA,EMI PRODUCTION MUSIC
EMPM,EMERGENCY PRODUCTION MUSIC,EMI PRODUCTION MUSIC
EMPM,EPM MAIN SERIES,EMI PRODUCTION MUSIC
EMPMS,EMERGENCY SPECIALTY SERIES,EMI PRODUCTION MUSIC
END,ENDGAME MUSIC LIBRARY,EMI PRODUCTION MUSIC
ENDC,ENDGAME CLASSIC GAMES,EMI PRODUCTION MUSIC
EURO,EUROBEAT,EMI PRODUCTION MUSIC
FDH,FRANCIS DAY & HUNTER,EMI PRODUCTION MUSIC
FTV,FTV MEDIA LIBRARY,EMI PRODUCTION MUSIC
FTVMEDIA,FTV MEDIA LIBRARY,EMI PRODUCTION MUSIC
FTVOL,FTV MEDIA ONLINE,EMI PRODUCTION MUSIC
HMC,HUDSON MUSIC,EMI PRODUCTION MUSIC
HMCS,HUDSON MUSIC,EMI PRODUCTION MUSIC
HRCB,HUDSON MUSIC,EMI PRODUCTION MUSIC
HRCB,HUDSON RECORDS,EMI PRODUCTION MUSIC
IRCD,IRRADIA,EMI PRODUCTION MUSIC
IRR,IRRADIA,EMI PRODUCTION MUSIC
JGM,JAMES GRANT MUSIC (JGM),EMI PRODUCTION MUSIC
JM,JUICE MUSIC LIBRARY,EMI PRODUCTION MUSIC
JMOD,JUICE MUSIC ON DEMAND,EMI PRODUCTION MUSIC
JMOL,JUICE MUSIC ONLINE,EMI PRODUCTION MUSIC
JMP,JUMP,EMI PRODUCTION MUSIC
JUST,JUSTEMENT MUSIC,EMI PRODUCTION MUSIC
JUSTE,JUSTEMENT ETHNIC,EMI PRODUCTION MUSIC
KPM,KPM MAIN SERIES,EMI PRODUCTION MUSIC
KPM,KPM (ON LP),EMI PRODUCTION MUSIC
KPMA,KPM AUSTRALIA,EMI PRODUCTION MUSIC
KPMC,KPM CLASSICAL,EMI PRODUCTION MUSIC
KPMCS,KPM CLASSICAL,EMI PRODUCTION MUSIC
KPMINT,KPM INTERNATIONAL,EMI PRODUCTION MUSIC
KPMK,KPM 1000 SERIES,EMI PRODUCTION MUSIC
KPMLP,KPM 1000 SERIES LP SERIES,EMI PRODUCTION MUSIC
KPMLPB,KPM BROWNSLEEVES,EMI PRODUCTION MUSIC
KPMS,KPM SHORTS,EMI PRODUCTION MUSIC
KPMT,KPM TRAILERS,EMI PRODUCTION MUSIC
KPMWM,KPM WORLD MUSIC,EMI PRODUCTION MUSIC
LIVE,LIVE SOURCE MUSIC,EMI PRODUCTION MUSIC
LS,LANDSCAPE CLASSICS,EMI PRODUCTION MUSIC
LSC,LANDSCAPE CLASSICS,EMI PRODUCTION MUSIC
MH,MUSIC HOUSE,EMI PRODUCTION MUSIC
MHA,MUSIC HOUSE ATMOSPHERE,EMI PRODUCTION MUSIC
MHD,MUSIC HOUSE DRAMA,EMI PRODUCTION MUSIC
MHE,MUSIC HOUSE ENTERTAINMENT,EMI PRODUCTION MUSIC
MHI,MUSIC HOUSE INDUSTRY,EMI PRODUCTION MUSIC
MHS,MUSIC HOUSE SPECIFICS,EMI PRODUCTION MUSIC
MHT,MUSIC HOUSE TAPES,EMI PRODUCTION MUSIC
MODEL,MODEL MUSIC LIBRARY,EMI PRODUCTION MUSIC
MPATH,MPATH,EMI PRODUCTION MUSIC
MYMA,MONTMORENCY RECORDS,EMI PRODUCTION MUSIC
MYR,MONTMORENCY RECORDS,EMI PRODUCTION MUSIC
OMT,ONE MORE TIME,EMI PRODUCTION MUSIC
PHA,PHANTOM POWER,EMI PRODUCTION MUSIC
PMY,PRIMARY,EMI PRODUCTION MUSIC
PROD,PRODUCER'S MUSIC LIBRARY,EMI PRODUCTION MUSIC
QT,QUANTUM TRACKS,EMI PRODUCTION MUSIC
RAYDIA,RAYDIA,EMI PRODUCTION MUSIC
REDM,RED MATTER,EMI PRODUCTION MUSIC
RELOAD,(KPM) RELOAD,EMI PRODUCTION MUSIC
RHZ,RHYMEZ,EMI PRODUCTION MUSIC
RLF,THE REAL FIFTH,EMI PRODUCTION MUSIC
RLZ,RHYMEZ RED LINE,EMI PRODUCTION MUSIC
RMCD,ROUGE MUSIC,EMI PRODUCTION MUSIC
RMCD,ROUGE MUSIC,EMI PRODUCTION MUSIC
RMS,ROUGE MUSIC,EMI PRODUCTION MUSIC
RMWEB,ROUGE MUSIC,EMI PRODUCTION MUSIC
RPMLP,RADIO PROGRAMME MUSIC,EMI PRODUCTION MUSIC
RSE,READY STEADY EDIT,EMI PRODUCTION MUSIC
S.O.N.,SOUNDS OF NOW,EMI PRODUCTION MUSIC
SATV,SATV MUSIC,EMI PRODUCTION MUSIC
SATVCD,SATV,EMI PRODUCTION MUSIC
SATVDG,IN THE EDIT,EMI PRODUCTION MUSIC
SATVEP,SATV EP SERIES,EMI PRODUCTION MUSIC
SCOP,STEREOSCOPIC,EMI PRODUCTION MUSIC
SCSO,SCORE & SONGS,EMI PRODUCTION MUSIC
SEL,SELECTED SOUND,EMI PRODUCTION MUSIC
SEL_LS,SELECTED SOUND,EMI PRODUCTION MUSIC
SEL_LSC,SELECTED SOUND,EMI PRODUCTION MUSIC
SELLP,SELECTED SOUND VINYL SERIES,EMI PRODUCTION MUSIC
SELS,SELECTED SOUND,EMI PRODUCTION MUSIC
SIR,SIREN CUES LIBRARY,EMI PRODUCTION MUSIC
SLX,SONIC ELIXIR,EMI PRODUCTION MUSIC
SMC,SYLVESTER,EMI PRODUCTION MUSIC
SMCS,SYLVESTER,EMI PRODUCTION MUSIC
SONIA,SONIA SELECTED SOUNDS,EMI PRODUCTION MUSIC
SPARKLE,SPARKLE & BURN,EMI PRODUCTION MUSIC
SPCD,SOUND-POL,EMI PRODUCTION MUSIC
SPL,SILVERPOINT,EMI PRODUCTION MUSIC
SYNC,SYNCTRACKS,EMI PRODUCTION MUSIC
TIM,THEMES INTERNATIONAL,EMI PRODUCTION MUSIC
TIMLP,THEMES INTERNATIONAL VINYL SERIES,EMI PRODUCTION MUSIC
TRL,TRILOGY,EMI PRODUCTION MUSIC
VMP,VISION MUSIC PUBLISHING,EMI PRODUCTION MUSIC
WIDE,WIDESCREEN,EMI PRODUCTION MUSIC
IMP,IMPAX,ERWIN PITSCH PUBLISHING
T4M,TON 4 MUSIC,ERWIN PITSCH PUBLISHING
ATN,EXTREME A-TONE RECORDINGS SERIES,EXTREME MUSIC
DCD,EXTREME DIRECTORS CUTS SERIES,EXTREME MUSIC
GAA,EXTREME GORE & AUDIO SERIES,EXTREME MUSIC
HPE,EXTREME MTVN HYPE CATALOGUE,EXTREME MUSIC
LAA,EXTREME LAW & AUDIO SERIES,EXTREME MUSIC
MDE,EXTREME MADE SERIES,EXTREME MUSIC
QCD,EXTREME Q SERIES,EXTREME MUSIC
SCS,EXTREME SCOREGANICS SERIES,EXTREME MUSIC
SPN,EXTREME VORTRAX SERIES,EXTREME MUSIC
SRG,EXTREME SAINT ROGUE SERIES,EXTREME MUSIC
STN,EXTREME SPACE TONES,EXTREME MUSIC
VNX,EXTREME VELVET EARS SERIES,EXTREME MUSIC
WAA,EXTREME WAR & AUDIO SERIES,EXTREME MUSIC
XCD,EXTREME X-SERIES,EXTREME MUSIC
XCL,EXTREME ULTIMATE CLASSIX,EXTREME MUSIC
XDC,EXTREME DEVIL’S CUT SERIES,EXTREME MUSIC
XEL,EXTREME EASY LISTENING SERIES,EXTREME MUSIC
XET,EXTREME EARTH TONES SERIES,EXTREME MUSIC
XGM,EXTREME GRANDMASTER SERIES,EXTREME MUSIC
XLR,EXTREME LAB RAT RECORDINGS SERIES,EXTREME MUSIC
XMT,EXTREME MIXTAPE SERIES,EXTREME MUSIC
XPS,EXTREME PASSPORT SERIES,EXTREME MUSIC
XRC,EXTREME REALITY CHECK SERIES,EXTREME MUSIC
XSF,EXTREME SPITFIRE AUDIO SERIES,EXTREME MUSIC
XSP,EXTREME SUPER POP SERIES,EXTREME MUSIC
XSR,EXTREME SUPER ROCK SERIES,EXTREME MUSIC
XST,EXTREME STAMPEDE SERIES,EXTREME MUSIC
XTS,EXTREME TWO STEPS FROM HELL SERIES,EXTREME MUSIC
XTW,EXTREME TWISTED SERIES,EXTREME MUSIC
XXL,EXTREME 13 BROTHERHOOD SERIES,EXTREME MUSIC
XXX,EXTREME MOONSHINE MUSIC SERIES,EXTREME MUSIC
AD,ADAPT,FABLE MUSIC PTY LTD
ARTF,ARTFUL RECORDED MUSIC LIBRARY,FABLE MUSIC PTY LTD
CDPEL,GEMINI MUSIC,FABLE MUSIC PTY LTD
CDW,WORK MUSIC,FABLE MUSIC PTY LTD
DK,DRAMA KING,FABLE MUSIC PTY LTD
GWX,GROOVEWORX,FABLE MUSIC PTY LTD
HMM,HONEY MONEY MUSIC,FABLE MUSIC PTY LTD
IMCD,IMAGE MUSIC LIBRARY,FABLE MUSIC PTY LTD
IMED,IMAGE EDGE LIBRARY,FABLE MUSIC PTY LTD
IMPR,IMAGE PROMOS,FABLE MUSIC PTY LTD
MJ,MUSICJAG,FABLE MUSIC PTY LTD
MJ,MUSICJAG CLASSICAL,FABLE MUSIC PTY LTD
MML,MEDIATRACKS MUSIC LIBRARY,FABLE MUSIC PTY LTD
MOR,MORNING MUSIC PRODUCTION LIBRARY,FABLE MUSIC PTY LTD
OGM,OLE GEORG MUSIC,FABLE MUSIC PTY LTD
PLA,AFRICAN PLANIT,FABLE MUSIC PTY LTD
TGLM,GOLD LEAF MUSIC LIBRARY,FABLE MUSIC PTY LTD
UBM,UBM RECORDS,FABLE MUSIC PTY LTD
AC1,ACE LIBRARY,MOTION FOCUS MUSIC
BML,BART MUSIC LIBRARY,MOTION FOCUS MUSIC
EAR,EARMOTION,MOTION FOCUS MUSIC
"HDCD
ESCD
HDCDV
ICCD",DENNIS MUSIC INTERNATIONAL,MOTION FOCUS MUSIC
JFM,JOHN FULFORD MUSIC - THE TRAK KARTEL,MOTION FOCUS MUSIC
MBG,MUSIC BLVD GROUP,MOTION FOCUS MUSIC
MOFOM,MOTION FOCUS MUSIC,MOTION FOCUS MUSIC
POP-PI,POPVIRUS INTERNATIONAL,MOTION FOCUS MUSIC
POP-PP,POPVIRUS PLANET,MOTION FOCUS MUSIC
POP-PV,POPVIRUS MUSIC,MOTION FOCUS MUSIC
POP-PS,POPVIRUS SOUNDTRACK,MOTION FOCUS MUSIC
OFF THE SHELF MUSIC,OFF THE SHELF MUSIC,OFF THE SHELF MUSIC
SONIC DOJO,SONIC DOJO,SONIC DOJO
10MILES,10 MILES,UNIVERSAL PRODUCTION MUSIC
AACD,ATMOSPHERE ARCHIVE,UNIVERSAL PRODUCTION MUSIC
AL,A-LIST MUSIC,UNIVERSAL PRODUCTION MUSIC
AM,ACCESS MUSIC,UNIVERSAL PRODUCTION MUSIC
APS,ATMOSPHERE PERFORMANCE SERIES,UNIVERSAL PRODUCTION MUSIC
AR,A-LIST RECORDS,UNIVERSAL PRODUCTION MUSIC
ARI,A REMARKABLE IDEA,UNIVERSAL PRODUCTION MUSIC
ARP,AIRPLAY,UNIVERSAL PRODUCTION MUSIC
ARX,ABBEY ROAD MASTERS,UNIVERSAL PRODUCTION MUSIC
ATMOS,ATMOSPHERE,UNIVERSAL PRODUCTION MUSIC
ATMOS-CDKITSCH,ATMOSPHERE KITSCH,UNIVERSAL PRODUCTION MUSIC
ATV,AS HEARD ON TV,UNIVERSAL PRODUCTION MUSIC
AUPM,AURORA PRODUCTION MUSIC,UNIVERSAL PRODUCTION MUSIC
AXS,ACCESS PROMOS,UNIVERSAL PRODUCTION MUSIC
B4C,BEST 4 CLASSICAL,UNIVERSAL PRODUCTION MUSIC
BBCPM,BBC PRODUCTION MUSIC,UNIVERSAL PRODUCTION MUSIC
BCC,BRUTON CLASSICAL SERIES,UNIVERSAL PRODUCTION MUSIC
BEE,B STINGS,UNIVERSAL PRODUCTION MUSIC
BER,BERLIN PRODUCTION MUSIC,UNIVERSAL PRODUCTION MUSIC
BIGS,BIG SHORTS,UNIVERSAL PRODUCTION MUSIC
BLK,BLOCK,UNIVERSAL PRODUCTION MUSIC
BOS,BOSWORTH,UNIVERSAL PRODUCTION MUSIC
BOSA,BOSWORTH ARCHIVE,UNIVERSAL PRODUCTION MUSIC
BPM,BPM CLASSICAL SERIES,UNIVERSAL PRODUCTION MUSIC
BPM,BPM EXPLORER SERIES,UNIVERSAL PRODUCTION MUSIC
BPM,BPM SCORE MUSIC SERIES,UNIVERSAL PRODUCTION MUSIC
BR,BRUTON,UNIVERSAL PRODUCTION MUSIC
BTV,BTV/PITCH,UNIVERSAL PRODUCTION MUSIC
BURN,BURN,UNIVERSAL PRODUCTION MUSIC
BV,BRUTON VAULTS,UNIVERSAL PRODUCTION MUSIC
BVA,BRUTON VAULTS ANTHOLOGIES,UNIVERSAL PRODUCTION MUSIC
CGS,CHAPPELL GRAND STAGE,UNIVERSAL PRODUCTION MUSIC
CHAP,CHAPPELL,UNIVERSAL PRODUCTION MUSIC
CHAPAV,CHAPPELL AV,UNIVERSAL PRODUCTION MUSIC
CHAPC,CHAPPELL CLASSICAL,UNIVERSAL PRODUCTION MUSIC
CHAPWR,CHAPPELL WORLD,UNIVERSAL PRODUCTION MUSIC
CHUCKD,CHUCK D PRESENTS,UNIVERSAL PRODUCTION MUSIC
CM,CHRONIC TRAX,UNIVERSAL PRODUCTION MUSIC
CNCT,CONNECT,UNIVERSAL PRODUCTION MUSIC
CNOIR,CHAPPELL NOIR,UNIVERSAL PRODUCTION MUSIC
COHH,CHRONICLES OF HIP HOP,UNIVERSAL PRODUCTION MUSIC
CSPOTS,CHAPPELL SPOTS,UNIVERSAL PRODUCTION MUSIC
CUTE,CUTE MUSIC,UNIVERSAL PRODUCTION MUSIC
DF,DARKFLY,UNIVERSAL PRODUCTION MUSIC
DGPM,DEUTSCHE GRAMMOPHON PM,UNIVERSAL PRODUCTION MUSIC
DM,DISCOVERY MUSIC,UNIVERSAL PRODUCTION MUSIC
EDGE,KILLER EDGE,UNIVERSAL PRODUCTION MUSIC
EVO,EVO,UNIVERSAL PRODUCTION MUSIC
FC,FIRSTCOM POWERPLAY ARCHIVE,UNIVERSAL PRODUCTION MUSIC
FC-A TO FC-Z,FIRSTCOM,UNIVERSAL PRODUCTION MUSIC
FCAN,FCANIMATED,UNIVERSAL PRODUCTION MUSIC
FCD,FOCUS,UNIVERSAL PRODUCTION MUSIC
FCLB,FOCUS CLUB,UNIVERSAL PRODUCTION MUSIC
FCLS,FOCUS CLASSICS,UNIVERSAL PRODUCTION MUSIC
FCSG,FOCUS SONGS,UNIVERSAL PRODUCTION MUSIC
FLEX,FLEXITRACKS,UNIVERSAL PRODUCTION MUSIC
FRX,FRESHWORX,UNIVERSAL PRODUCTION MUSIC
GAL,GALERIE,UNIVERSAL PRODUCTION MUSIC
GM,GOTHAM LIBRARY,UNIVERSAL PRODUCTION MUSIC
GMS,GRAND MUSIC SOCIETY,UNIVERSAL PRODUCTION MUSIC
GTP,GUM TAPES,UNIVERSAL PRODUCTION MUSIC
HITS,GREATEST HITS,UNIVERSAL PRODUCTION MUSIC
HM,HOLLYWOOD MUSIC,UNIVERSAL PRODUCTION MUSIC
ICON,ICON TRAILER MUSIC,UNIVERSAL PRODUCTION MUSIC
IRL,IN REALITY,UNIVERSAL PRODUCTION MUSIC
KA,KILLER ANIMATION,UNIVERSAL PRODUCTION MUSIC
KAR,KOSINUS ARTS,UNIVERSAL PRODUCTION MUSIC
KAS,KILLER ARTIST SERIES,UNIVERSAL PRODUCTION MUSIC
KCL,KOSINUS CLASSICAL,UNIVERSAL PRODUCTION MUSIC
KL,KILLER LATINO,UNIVERSAL PRODUCTION MUSIC
KLA,KOKA CLASSICAL,UNIVERSAL PRODUCTION MUSIC
KOA,KOSINUS ARCHIVES,UNIVERSAL PRODUCTION MUSIC
KOK,KOKA,UNIVERSAL PRODUCTION MUSIC
KOL,KOSINUS WORLD,UNIVERSAL PRODUCTION MUSIC
KOM,KOSINUS MAGAZINE,UNIVERSAL PRODUCTION MUSIC
KOS,KOSINUS,UNIVERSAL PRODUCTION MUSIC
KS,KILLER SCORES SET,UNIVERSAL PRODUCTION MUSIC
KT,KILLER TRACKS,UNIVERSAL PRODUCTION MUSIC
KTP,KILLER PROMOS,UNIVERSAL PRODUCTION MUSIC
KTST,KILLER STAGE AND SCREEN,UNIVERSAL PRODUCTION MUSIC
KTV,KOKA FOR TV,UNIVERSAL PRODUCTION MUSIC
LO-CD,LO EDITIONS,UNIVERSAL PRODUCTION MUSIC
MAT,MATCH,UNIVERSAL PRODUCTION MUSIC
MHSR,MANNHEIM STEAMROLLER,UNIVERSAL PRODUCTION MUSIC
MSTR,MASTER SOURCE LIBRARY,UNIVERSAL PRODUCTION MUSIC
MXS,XS,UNIVERSAL PRODUCTION MUSIC
NIGHT & NIGHTSE,NIGHTINGALE MUSIC,UNIVERSAL PRODUCTION MUSIC
NM,NETWORK MUSIC,UNIVERSAL PRODUCTION MUSIC
NOVA,NOVA,UNIVERSAL PRODUCTION MUSIC
NUGGETS,NUGGETS,UNIVERSAL PRODUCTION MUSIC
NVS,NIGHTINGALE VOCAL SERIES,UNIVERSAL PRODUCTION MUSIC
NYB,NYB,UNIVERSAL PRODUCTION MUSIC
OM,ONEMUSIC,UNIVERSAL PRODUCTION MUSIC
PKT,SOUND POCKET MUSIC,UNIVERSAL PRODUCTION MUSIC
PML,POINT,UNIVERSAL PRODUCTION MUSIC
PN8CD,PLAN 8 MUSIC,UNIVERSAL PRODUCTION MUSIC
RCAL,RCAL,UNIVERSAL PRODUCTION MUSIC
RCF,REALITY BY C. FRANKE,UNIVERSAL PRODUCTION MUSIC
RCR,ROADSIDE COUCH RECORDS,UNIVERSAL PRODUCTION MUSIC
RDR,RADAR,UNIVERSAL PRODUCTION MUSIC
RNM,REVERBNATION MUSIC,UNIVERSAL PRODUCTION MUSIC
SA,SARAOMUSIC,UNIVERSAL PRODUCTION MUSIC
SDN,SCORE ADDICTION,UNIVERSAL PRODUCTION MUSIC
SEE,SEE,UNIVERSAL PRODUCTION MUSIC
SFCB,STRANGE FRUIT COMMERCIAL BREAKS,UNIVERSAL PRODUCTION MUSIC
SFT,STRANGE FRUIT,UNIVERSAL PRODUCTION MUSIC
SLAM,SLAM!,UNIVERSAL PRODUCTION MUSIC
SOHO,SOHO,UNIVERSAL PRODUCTION MUSIC
SOHOA,SOHO ARCHIVE,UNIVERSAL PRODUCTION MUSIC
SPOTON,SPOT ON,UNIVERSAL PRODUCTION MUSIC
SVN,SEVENTH SENSE,UNIVERSAL PRODUCTION MUSIC
SXSW,SXSW MUSIC LIBRARY,UNIVERSAL PRODUCTION MUSIC
TRU,TRUE STORIES,UNIVERSAL PRODUCTION MUSIC
ULS,ULTIMATE LATIN SERIES,UNIVERSAL PRODUCTION MUSIC
US,ULTIMATE SERIES,UNIVERSAL PRODUCTION MUSIC
UTS,UNIVERSAL TRAILER SERIES,UNIVERSAL PRODUCTION MUSIC
VL,VELOCITY,UNIVERSAL PRODUCTION MUSIC
VM,VOLTA MUSIC,UNIVERSAL PRODUCTION MUSIC
VTMA,VITAMIN A,UNIVERSAL PRODUCTION MUSIC
WAX,AUDIO WAX,UNIVERSAL PRODUCTION MUSIC
WON,WALL OF NOISE,UNIVERSAL PRODUCTION MUSIC
ZTS,ZERO TO SIXTY,UNIVERSAL PRODUCTION MUSIC
SONIC DOJO,SONIC DOJO,SONIC DOJO
ATS,AND THEN SOME,WEST ONE MUSIC
EDS,ELECTRONIC DANCE SERIES,WEST ONE MUSIC
FEM,FIRED EARTH MUSIC,WEST ONE MUSIC
NRF,NOISE REFINERY,WEST ONE MUSIC
RFM,REFUEL MUSIC,WEST ONE MUSIC
SOO,SOMOS,WEST ONE MUSIC
TSH,THE SCORING HOUSE,WEST ONE MUSIC
WOM,WEST ONE MUSIC,WEST ONE MUSIC
WOMG,WEST ONE MUSIC GROUP,WEST ONE MUSIC
ZRO,ZERO DEGREES,WEST ONE MUSIC
WOOD,WOODCUT PRODUCTION MUSIC LIBRARY,WOODCUT PRODUCTION MUSIC 